{
  "id": "mm:essenceforge_tier2_structure",
  "name": "EssenceForge Tier 2",
  "controllerIds": [
    "mm:essenceforge_controller"
  ],
  "layout": [
    [
      "AAAAA",
      "ADDDA",
      "ADDDA",
      "ADDDA",
      "AAAAA"
    ],
    [
      "PHQHR",
      "HHHHH",
      "QHHHQ",
      "HHHHH",
      "SHQHT"
    ],
    [
      "     ",
      "  H  ",
      " H H ",
      "  H  ",
      "     "
    ],
    [
      "     ",
      " DHD ",
      " HHH ",
      " DUD ",
      "     "
    ],
    [
      "DFHFD",
      "H   H",
      "I   I",
      "H   H",
      "DECGD"
    ],
    [
      "AAAAA",
      "ABBBA",
      "ABBBA",
      "ABBBA",
      "AAAAA"
    ]
  ],
  "key": {
    "A": {
      "block": "chisel_chipped_integration:futura_fabulously_wavy"
    },
    "B": {
      "block": "mysticalagradditions:insanium_farmland"
    },
    "D": {
      "block": "chisel_chipped_integration:futura_mysterious_cube"
    },
    "E": {
      "portType": "mm:item",
      "input": true
    },
    "F": {
      "portType": "mm:fluid",
      "input": true
    },
    "G": {
      "portType": "mm:item",
      "input": false
    },
    "H": {
      "block": "chisel_chipped_integration:factory_blue_framed_circuit"
    },
    "I": {
      "portType": "mm:energy",
      "input": true
    },
    "P": {
      "block": "mysticalagriculture:imperium_block"
    },
    "Q": {
      "block": "chisel_chipped_integration:technical_fan"
    },
    "R": {
      "block": "mysticalagriculture:tertium_block"
    },
    "S": {
      "block": "mysticalagriculture:inferium_block"
    },
    "T": {
      "block": "mysticalagriculture:prudentium_block"
    },
    "U": {
      "block": "igleelib:blazum_block"
    }
  }
}