{
  "id": "mm:essenceforge_tier3_structure",
  "name": "EssenceForge Tier 3",
  "controllerIds": [
    "mm:essenceforge_controller"
  ],
  "layout": [
    [
      "AAAAA",
      "ADDDA",
      "ADDDA",
      "ADDDA",
      "AAAAA"
    ],
    [
      "PHQHR",
      "HHHHH",
      "QHHHQ",
      "HHHHH",
      "SHQHT"
    ],
    [
      "     ",
      " LHM ",
      " H H ",
      " NHO ",
      "     "
    ],
    [
      "     ",
      " DHD ",
      " HHH ",
      " DUD ",
      "     "
    ],
    [
      "DFHFD",
      "H   H",
      "I   I",
      "H   H",
      "DECGD"
    ],
    [
      "AAAAA",
      "ABBBA",
      "ABBBA",
      "ABBBA",
      "AAAAA"
    ]
  ],
  "key": {
    "A": {
      "block": "chisel_chipped_integration:futura_fabulously_wavy"
    },
    "B": {
      "block": "mysticalagradditions:insanium_farmland"
    },
    "D": {
      "block": "chisel_chipped_integration:futura_mysterious_cube"
    },
    "E": {
      "portType": "mm:item",
      "input": true
    },
    "F": {
      "portType": "mm:fluid",
      "input": true
    },
    "G": {
      "portType": "mm:item",
      "input": false
    },
    "H": {
      "block": "chisel_chipped_integration:factory_blue_framed_circuit"
    },
    "I": {
      "portType": "mm:energy",
      "input": true
    },
    "L": {
      "block": "botanicalextramachinery:crimson_ingot_block"
    },
    "M": {
      "block": "botanicalextramachinery:shadow_ingot_block"
    },
    "N": {
      "block": "botanicalextramachinery:malachite_ingot_block"
    },
    "O": {
      "block": "botanicalextramachinery:saffron_ingot_block"
    },
    "P": {
      "block": "mysticalexpansion:divinium_block"
    },
    "Q": {
      "block": "chisel_chipped_integration:technical_fan"
    },
    "R": {
      "block": "mysticalexpansion:etherium_block"
    },
    "S": {
      "block": "mysticalagradditions:insanium_block"
    },
    "T": {
      "block": "mysticalexpansion:extremium_block"
    },
    "U": {
      "block": "igleelib:blazum_block"
    }
  }
}